name,type,direction,description
feat_000,float,,embedding feature 0
feat_001,float,,embedding feature 1
feat_002,float,,embedding feature 2
feat_003,float,,embedding feature 3
feat_004,float,,embedding feature 4
feat_005,float,,embedding feature 5
feat_006,float,,embedding feature 6
feat_007,float,,embedding feature 7
feat_008,float,,embedding feature 8
feat_009,float,,embedding feature 9
feat_010,float,,embedding feature 10
feat_011,float,,embedding feature 11
feat_012,float,,embedding feature 12
feat_013,float,,embedding feature 13
feat_014,float,,embedding feature 14
feat_015,float,,embedding feature 15
feat_016,float,,embedding feature 16
feat_017,float,,embedding feature 17
feat_018,float,,embedding feature 18
feat_019,float,,embedding feature 19
feat_020,float,,embedding feature 20
feat_021,float,,embedding feature 21
feat_022,float,,embedding feature 22
feat_023,float,,embedding feature 23
feat_024,float,,embedding feature 24
feat_025,float,,embedding feature 25
feat_026,float,,embedding feature 26
feat_027,float,,embedding feature 27
feat_028,float,,embedding feature 28
feat_029,float,,embedding feature 29
feat_030,float,,embedding feature 30
feat_031,float,,embedding feature 31
feat_032,float,,embedding feature 32
feat_033,float,,embedding feature 33
feat_034,float,,embedding feature 34
feat_035,float,,embedding feature 35
feat_036,float,,embedding feature 36
feat_037,float,,embedding feature 37
feat_038,float,,embedding feature 38
feat_039,float,,embedding feature 39
feat_040,float,,embedding feature 40
feat_041,float,,embedding feature 41
feat_042,float,,embedding feature 42
feat_043,float,,embedding feature 43
feat_044,float,,embedding feature 44
feat_045,float,,embedding feature 45
feat_046,float,,embedding feature 46
feat_047,float,,embedding feature 47
feat_048,float,,embedding feature 48
feat_049,float,,embedding feature 49
feat_050,float,,embedding feature 50
feat_051,float,,embedding feature 51
feat_052,float,,embedding feature 52
feat_053,float,,embedding feature 53
feat_054,float,,embedding feature 54
feat_055,float,,embedding feature 55
feat_056,float,,embedding feature 56
feat_057,float,,embedding feature 57
feat_058,float,,embedding feature 58
feat_059,float,,embedding feature 59
feat_060,float,,embedding feature 60
feat_061,float,,embedding feature 61
feat_062,float,,embedding feature 62
feat_063,float,,embedding feature 63
feat_064,float,,embedding feature 64
feat_065,float,,embedding feature 65
feat_066,float,,embedding feature 66
feat_067,float,,embedding feature 67
feat_068,float,,embedding feature 68
feat_069,float,,embedding feature 69
feat_070,float,,embedding feature 70
feat_071,float,,embedding feature 71
feat_072,float,,embedding feature 72
feat_073,float,,embedding feature 73
feat_074,float,,embedding feature 74
feat_075,float,,embedding feature 75
feat_076,float,,embedding feature 76
feat_077,float,,embedding feature 77
feat_078,float,,embedding feature 78
feat_079,float,,embedding feature 79
feat_080,float,,embedding feature 80
feat_081,float,,embedding feature 81
feat_082,float,,embedding feature 82
feat_083,float,,embedding feature 83
feat_084,float,,embedding feature 84
feat_085,float,,embedding feature 85
feat_086,float,,embedding feature 86
feat_087,float,,embedding feature 87
feat_088,float,,embedding feature 88
feat_089,float,,embedding feature 89
feat_090,float,,embedding feature 90
feat_091,float,,embedding feature 91
feat_092,float,,embedding feature 92
feat_093,float,,embedding feature 93
feat_094,float,,embedding feature 94
feat_095,float,,embedding feature 95
feat_096,float,,embedding feature 96
feat_097,float,,embedding feature 97
feat_098,float,,embedding feature 98
feat_099,float,,embedding feature 99
feat_100,float,,embedding feature 100
feat_101,float,,embedding feature 101
feat_102,float,,embedding feature 102
feat_103,float,,embedding feature 103
feat_104,float,,embedding feature 104
feat_105,float,,embedding feature 105
feat_106,float,,embedding feature 106
feat_107,float,,embedding feature 107
feat_108,float,,embedding feature 108
feat_109,float,,embedding feature 109
feat_110,float,,embedding feature 110
feat_111,float,,embedding feature 111
feat_112,float,,embedding feature 112
feat_113,float,,embedding feature 113
feat_114,float,,embedding feature 114
feat_115,float,,embedding feature 115
feat_116,float,,embedding feature 116
feat_117,float,,embedding feature 117
feat_118,float,,embedding feature 118
feat_119,float,,embedding feature 119
feat_120,float,,embedding feature 120
feat_121,float,,embedding feature 121
feat_122,float,,embedding feature 122
feat_123,float,,embedding feature 123
feat_124,float,,embedding feature 124
feat_125,float,,embedding feature 125
feat_126,float,,embedding feature 126
feat_127,float,,embedding feature 127
